quantity,M2,M3,M4,M5,spread_pct,richardson_p,extrapolated,gci_fine_pct
T_slope,-1.0112,-1.0109,-1.0104,-1.0084,0.28,-2.000,-1.01107,0.248
T_amp,1.0229,1.0224,1.022,1.02,0.28,-2.322,1.02250,0.245
T_form_4coil,0.8859,0.8857,0.8853,0.8837,0.25,-2.000,0.88583,0.226
T_sum_r292,-0.9404,-0.7795,-0.9311,-1.0584,26.35,0.252,-1.72528,15.034
T_sum_r295,-1.0941,-0.9724,-0.9311,-1.0584,15.40,-1.624,-0.86997,15.034
T_sum_r298,-1.1615,-1.5306,-1.1705,-1.0686,43.23,1.821,-1.02838,11.920
W_pm,14.9748,14.9663,14.9472,14.892,0.56,-1.531,14.97641,0.463
Bn_noload,0.754,0.7562,0.756,0.7588,0.63,-3.807,0.75578,0.461
ring_band_M5,-0.9404,-1.0941,-1.1615,,20.21,,,
ring_band_M4,-0.7795,-0.9724,-1.5306,,77.24,,,
ring_band_M3,-0.9311,-0.9311,-1.1705,,25.71,,,
ring_band_M2,-1.0584,-1.0584,-1.0686,,0.96,,,
